{
	"BartoloMonkey": "D:\\p7ft2bvphx-1",
	"MillerRat": "D:\\",
	"AkamRat": "D:\\",
	"SimAgent":"D:\\OneDrive\\Documents\\git_repo\\cognitive_dynamics\\files\\SimAgentDataset",
	"MetaTwoStep": "F:\\two_step_exp_meta_rl\\behav_30epis_1000trials",
	"CPBHuman": "D:\\OneDrive\\Documents\\git_repo\\cognitive_dynamics\\files",
	"DezfouliHuman": "D:\\OneDrive\\Documents\\git_repo\\cognitive_dynamics\\files",
	"LaiHuman": "D:\\OneDrive\\Documents\\git_repo\\cognitive_dynamics\\files",
	"IBL": "D:\\OneDrive\\Documents\\git_repo\\glm-hmm\\data\\ibl\\partially_processed_50-50",
	"Omni": ".",
	"GillanHuman": "D:\\OneDrive\\Documents\\git_repo\\cognitive_dynamics\\files",
	"BahramiHuman": "D:\\OneDrive\\Documents\\git_repo\\cognitive_dynamics\\files",
	"SuthaharanHuman": "D:\\OneDrive\\Documents\\git_repo\\cognitive_dynamics\\files\\hgfPRL",
	"Misc": ""
}